position,company,location,salary
Full Stack Software Engineer,General Electric,"Wichita, KS",114300.0
Junior Software Programmer,Exxon Mobil,"San Antonio, TX",71600.0
Software Development Engineer,CSX,"Vancouver, BC",58000.0
Junior Software Test Engineer,American Airlines,"San Jose, CA",32600.0
Embedded Software Engineer Intern,MetLife,"Raleigh, NC",0
Junior Software Engineer with Web Application Focus,Bank of America,"Denver, CO",122400.0
Software Programmer (JR),Merck,"Fresno, CA",37200.0
Associate Software Engineer,Apple,"Charlotte, NC",101600.0
Tier 2 Technical Support,Citigroup,"Fort Worth, TX",88300.0
Lead Software Engineering (Architect),Arrow Electronics,"Nashville, TN",95400.0
Software Engineer REMOTE,Citigroup,"Raleigh, NC",101800.0
IT Systems Support Specialist,Walmart,"Long Beach, CA",68900.0
Content Experience Delivery Engineer,Nike,"Houston, TX",91500.0
Network Software Engineering Intern,Sysco,"San Diego, CA",0
Software Programmer (JR),Bank of America,"San Antonio, TX",79600.0
Functional and Technical Support Role,MetLife,"Seattle, WA",74200.0
Full Stack Software Engineer,Amerisource Bergen,"Phoenix, AZ",72200.0
Entry Level C++ Software Developer,McKesson,"Vancouver, BC",38600.0
Network Software Engineer,Amerisource Bergen,"Los Angeles, CA",80700.0
Controls/Software Development Engineer,CSX,"Raleigh, NC",69300.0
Junior Software Programmer,AT&T,"Long Beach, CA",34300.0
Software Develper 4,Thermo Fisher Scientific,"Indianapolis, IN",67300.0
Software Development Engineer,Anthem,"Memphis, TN",67500.0
Full Stack Software Engineer,Alphabet,"Virginia Beach, VA",156200.0
Entry Level C++ Software Developer,Macy's,"San Jose, CA",40200.0
Network Software Engineer,Sysco,"Omaha, NE",161300.0
Remote Jr. Java Application Developer,Intel,"San Jose, CA",63200.0
Software Support Specialist,Northrop Grumman,"San Francisco, CA",106500.0
Software Developer,Visa,"Dallas, TX",73500.0
Functional and Technical Support Role,DISH Network,"Sacramento, CA",67700.0
Software Programmer (JR),HP,"San Francisco, CA",48100.0
Embedded Software Engineer Intern,Arrow Electronics,"Raleigh, NC",0
Junior Backend Developer,Microsoft,"Charlotte, NC",79800.0
Associate Software Engineer,CVS Health,"Los Angeles, CA",40400.0
IT Business Analyst,HP,"Wichita, KS",81700.0
Production Artwork Developer,HP,"Dallas, TX",81000.0
Software Development Specialist 1,Amerisource Bergen,"Charlotte, NC",71500.0
PaaS/Cloud Support Lead,Lear,"Raleigh, NC",184900.0
Entry Level C++ Software Developer,American Airlines,"San Francisco, CA",43900.0
Software Programmer (JR),Raytheon Technologies,"Omaha, NE",98100.0
Frontend Software Engineer II,UnitedHealth Group,"Arlington, TX",74000.0
Embedded Software Engineer Intern,Comcast,"Fresno, CA",0
Embedded Software Engineer Intern,Broadcom,"San Francisco, CA",0
Content Experience Delivery Engineer,Amazon,"San Diego, CA",94200.0
Software Development Engineer,Citigroup,"Phoenix, AZ",129500.0
Software Development Engineer,Lear,"Columbus, OH",106800.0
Network Software Engineer,Centene,"Virginia Beach, VA",94000.0
Tier 2 Technical Support,Merck,"Philadelphia, PA",47300.0
Software Development Engineer,PayPal Holdings,"Detroit, MI",90400.0
Frontend Software Engineer II,Anthem,"Denver, CO",79900.0
Junior Backend Developer,DISH Network,"Arlington, TX",69100.0
PaaS/Cloud Support Lead,Lear,"Vancouver, BC",180400.0
.NET Software Developer,Cigna,"Seattle, WA",68700.0
Network Software Engineering Intern,Macy's,"Boston, MA",0
Software Developer,Thermo Fisher Scientific,"Indianapolis, IN",40000.0
Software Development Engineer,DISH Network,"Vancouver, BC",82400.0
Software Development Engineer,American Express,"Hawthorne, CA",122900.0
Associate Software Engineer,American Airlines,"Dallas, TX",47100.0
Entry Level C++ Software Developer,Intel,"Seattle, WA",101000.0
Network Software Engineering Intern,CVS Health,"Denver, CO",0
Software Engineer - Media,McKesson,"Boston, MA",82300.0
Remote Jr. Java Application Developer,CenterPoint Energy,"Fresno, CA",18400.0
Network Software Engineering Intern,Apple,"Dallas, TX",0
Software Development Engineer,Amerisource Bergen,"Chicago, IL",66600.0
Associate Software Engineer,Cigna,"Columbus, OH",53300.0
Production Artwork Developer,Apple,"Omaha, NE",152800.0
IT Systems Support Specialist,Amazon,"San Antonio, TX",90300.0
Network Software Engineering Intern,Arrow Electronics,"Phoenix, AZ",0
Junior Backend Developer,Thermo Fisher Scientific,"Jacksonville, FL",44700.0
Junior Software Programmer,Intel,"Jacksonville, FL",81100.0
Junior Software Programmer,Microsoft,"San Antonio, TX",39800.0
Full Stack Software Engineer,Amazon,"Arlington, TX",114600.0
PaaS/Cloud Support Lead,Micron Technology,"Washington, DC",117500.0
Controls/Software Development Engineer,Anthem,"Charlotte, NC",71400.0
Network Software Engineer,Alphabet,"Long Beach, CA",172800.0
Sr. Data Warehouse Software Engineer,Visa,"Indianapolis, IN",96400.0
Software Developer,Tesla,"Dallas, TX",97600.0
Frontend Software Engineer II,Marriott International,"Portland, OR",75100.0
Junior Software Test Engineer,Thermo Fisher Scientific,"Arlington, TX",36700.0
IT Systems Support Specialist,Cigna,"El Paso, TX",70000.0
Software Programmer (JR),Amazon,"Dallas, TX",71800.0
PaaS/Cloud Support Lead,Comcast,"Dallas, TX",119900.0
Entry Level C++ Software Developer,American Express,"Omaha, NE",100900.0
Software Engineer III Back End,Ford Motor,"Denver, CO",79900.0
Junior Software Engineer with Web Application Focus,Intel,"Charlotte, NC",125100.0
PaaS/Cloud Support Lead,American Express,"Fresno, CA",211100.0
Junior Software Test Engineer,Berkshire Hathaway,"Miami, FL",52600.0
Embedded Software Engineer Intern,DuPont,"Dallas, TX",0
Software Develper 4,HP,"Denver, CO",91200.0
Junior Software Test Engineer,Nike,"Tulsa, OK",61400.0
Controls/Software Development Engineer,Tesla,"San Diego, CA",144400.0
.NET Software Developer,Microsoft,"Raleigh, NC",71400.0
Software Engineer REMOTE,PayPal Holdings,"Omaha, NE",73600.0
PaaS/Cloud Support Lead,Exxon Mobil,"Wichita, KS",222000.0
Full Stack Software Engineer,Visa,"Jacksonville, FL",104200.0
IT Business Analyst,Ford Motor,"Jacksonville, FL",62100.0
Lead Software Engineering (Architect),Northrop Grumman,"Indianapolis, IN",235400.0
Junior Software Engineer with Web Application Focus,Monsanto,"Vancouver, BC",75800.0
.NET Software Developer,DISH Network,"Boston, MA",71500.0
Software Develper 4,Centene,"Omaha, NE",78900.0
